Feature,Importance
goal_achievement_pct,0.28208182335772125
manager_rating,0.12283874440622736
peer_score,0.11996187032021635
training_hours,0.09488713787015811
experience_years,0.08675455276340624
age,0.08253323395928037
salary,0.04942526094609723
attendance_rate,0.04466833075067286
overtime_hours,0.042423024605750294
projects_completed,0.03613559825139221
role_enc,0.018703496815520148
education_enc,0.009974791092377826
department_enc,0.009612134861179575
